标的,品种,数据源,事件类型,事件日,当日波动率,事件日收盘,5日最低,5日最高,5日最低相对,5日最高相对,T5收盘涨跌%
510050,上证50ETF,IV(真实),冰点·上市以来新低,2015-02-09,34.38,1.825,1.815,1.868,-0.55,5.37,3.45
510050,上证50ETF,IV(真实),冰点·上市以来新低,2016-04-21,23.63,1.64,1.614,1.648,-1.59,1.04,-0.24
510050,上证50ETF,IV(真实),冰点·上市以来新低,2016-05-30,17.41,1.583,1.585,1.643,0.13,4.61,3.28
510050,上证50ETF,IV(真实),冰点·上市以来新低,2016-07-22,16.1,1.694,1.666,1.704,-1.65,1.89,0.06
510050,上证50ETF,IV(真实),冰点·上市以来新低,2016-08-05,15.16,1.689,1.679,1.7,-0.59,4.62,4.56
510050,上证50ETF,IV(真实),冰点·上市以来新低,2016-10-17,13.09,1.744,1.74,1.778,-0.23,5.33,4.24
510050,上证50ETF,IV(真实),冰点·上市以来新低,2017-01-20,12.77,1.896,1.886,1.903,-0.53,1.21,-0.37
510050,上证50ETF,IV(真实),冰点·上市以来新低,2017-02-03,12.62,1.889,1.871,1.894,-0.95,1.59,1.27
510050,上证50ETF,IV(真实),冰点·上市以来新低,2017-02-23,12.36,1.934,1.898,1.924,-1.86,-0.05,-1.76
510050,上证50ETF,IV(真实),冰点·上市以来新低,2017-03-17,12.04,1.89,1.876,1.896,-0.74,1.48,1.11
510050,上证50ETF,IV(真实),冰点·上市以来新低,2017-03-30,10.59,1.89,1.888,1.905,-0.11,2.49,1.8
510050,上证50ETF,IV(真实),冰点·上市以来新低,2017-04-14,10.28,1.897,1.86,1.88,-1.95,0.32,-0.47
510050,上证50ETF,IV(真实),冰点·上市以来新低,2017-05-05,8.35,1.86,1.845,1.866,-0.81,3.06,3.06
510050,上证50ETF,IV(真实),冰点·上市以来新低,2017-05-18,7.4,1.897,1.894,1.904,-0.16,6.69,6.33
510050,上证50ETF,IV(真实),高点·上市以来新高,2015-02-09,34.38,1.825,1.815,1.868,-0.55,5.37,3.45
510050,上证50ETF,IV(真实),高点·上市以来新高,2015-04-07,34.65,2.336,2.324,2.405,-0.51,7.79,6.72
510050,上证50ETF,IV(真实),高点·上市以来新高,2015-06-02,44.83,2.703,2.544,2.707,-5.88,9.47,5.62
510050,上证50ETF,IV(真实),高点·上市以来新高,2015-06-19,49.2,2.368,1.975,2.293,-16.6,7.85,-9.04
510050,上证50ETF,IV(真实),高点·上市以来新高,2015-07-06,62.38,2.236,1.971,2.251,-11.85,11.99,5.37
510050,上证50ETF,IV(真实),高点·上市以来新高,2015-09-01,77.74,1.722,1.579,1.682,-8.3,1.57,-1.28
510050,上证50ETF,IV(真实),冰点·≤历史P5,2015-02-10,32.45,1.863,1.845,1.882,-0.97,3.22,2.25
510050,上证50ETF,IV(真实),冰点·≤历史P5,2016-04-14,24.4,1.668,1.587,1.663,-4.86,0.72,-1.68
510050,上证50ETF,IV(真实),冰点·≤历史P5,2016-06-16,18.98,1.596,1.596,1.612,0.0,2.44,0.88
510050,上证50ETF,IV(真实),冰点·≤历史P5,2016-09-23,15.72,1.743,1.712,1.726,-1.78,-0.17,-0.8
510050,上证50ETF,IV(真实),冰点·≤历史P5,2016-09-29,16.1,1.724,1.719,1.732,-0.29,2.2,1.57
510050,上证50ETF,IV(真实),冰点·≤历史P5,2016-10-11,17.24,1.759,1.74,1.755,-1.08,1.08,0.97
510050,上证50ETF,IV(真实),冰点·≤历史P5,2016-11-10,15.41,1.838,1.831,1.864,-0.38,2.77,1.36
510050,上证50ETF,IV(真实),冰点·≤历史P5,2016-11-21,15.84,1.884,1.881,1.906,-0.16,5.04,3.72
510050,上证50ETF,IV(真实),冰点·≤历史P5,2017-01-11,15.17,1.85,1.833,1.857,-0.92,2.65,2.22
510050,上证50ETF,IV(真实),冰点·≤历史P5,2017-02-03,12.62,1.889,1.871,1.894,-0.95,1.59,1.27
510050,上证50ETF,IV(真实),冰点·≤历史P5,2017-10-18,10.7,2.349,2.33,2.345,-0.81,0.47,0.0
510050,上证50ETF,IV(真实),冰点·≤历史P5,2024-06-21,13.05,2.311,2.286,2.304,-1.08,0.69,-0.22
510050,上证50ETF,IV(真实),冰点·≤历史P5,2024-06-28,12.8,2.306,2.278,2.32,-1.21,1.47,-0.3
510050,上证50ETF,IV(真实),冰点·≤历史P5,2024-08-16,13.02,2.299,2.277,2.299,-0.96,1.04,0.48
510050,上证50ETF,IV(真实),冰点·≤历史P5,2024-08-30,12.93,2.294,2.214,2.236,-3.49,-0.44,-3.4
510050,上证50ETF,IV(真实),高点·≥历史P95,2015-04-03,32.93,2.267,2.282,2.341,0.66,10.41,9.62
510050,上证50ETF,IV(真实),高点·≥历史P95,2015-06-01,43.19,2.692,2.544,2.707,-5.5,9.29,8.51
510050,上证50ETF,IV(真实),高点·≥历史P95,2015-08-25,61.88,1.38,1.373,1.528,-0.51,25.94,24.78
510050,上证50ETF,IV(真实),高点·≥历史P95,2024-09-30,40.3,2.774,2.62,2.71,-5.55,10.49,-2.96
510050,上证50ETF,IV(真实),高点·≥历史P95,2024-10-08,49.91,2.843,2.62,2.698,-7.84,-1.34,-7.74
510300,沪深300ETF(沪),IV(真实),冰点·上市以来新低,2019-12-23,15.04,3.964,3.964,3.993,0.0,3.13,2.8
510300,沪深300ETF(沪),IV(真实),冰点·上市以来新低,2023-04-20,13.68,4.103,3.924,3.97,-4.36,0.07,-2.85
510300,沪深300ETF(沪),IV(真实),冰点·上市以来新低,2023-06-15,13.43,3.942,3.831,3.87,-2.82,1.17,-2.51
510300,沪深300ETF(沪),IV(真实),冰点·上市以来新低,2024-07-02,12.79,3.496,3.418,3.458,-2.23,0.37,-0.72
510300,沪深300ETF(沪),IV(真实),高点·上市以来新高,2019-12-23,15.04,3.964,3.964,3.993,0.0,3.13,2.8
510300,沪深300ETF(沪),IV(真实),高点·上市以来新高,2020-01-23,19.47,3.996,3.636,3.736,-9.01,-2.08,-2.7
510300,沪深300ETF(沪),IV(真实),高点·上市以来新高,2020-02-03,32.79,3.659,3.649,3.776,-0.27,6.94,6.61
510300,沪深300ETF(沪),IV(真实),高点·上市以来新高,2020-03-13,34.21,3.889,3.492,3.647,-10.21,-0.1,-6.3
510300,沪深300ETF(沪),IV(真实),高点·上市以来新高,2024-10-08,49.62,4.412,3.923,4.046,-11.08,-2.88,-10.9
510300,沪深300ETF(沪),IV(真实),冰点·≤历史P5,2019-12-24,14.1,3.985,3.973,3.997,-0.3,2.86,2.79
510300,沪深300ETF(沪),IV(真实),冰点·≤历史P5,2021-06-24,17.68,5.189,5.191,5.267,0.04,1.95,1.25
510300,沪深300ETF(沪),IV(真实),冰点·≤历史P5,2021-07-07,17.48,5.18,5.056,5.128,-2.39,0.66,-0.79
510300,沪深300ETF(沪),IV(真实),冰点·≤历史P5,2021-07-13,17.58,5.196,5.106,5.179,-1.73,0.35,-0.6
510300,沪深300ETF(沪),IV(真实),冰点·≤历史P5,2021-07-21,17.25,5.204,4.735,4.843,-9.01,0.56,-7.4
510300,沪深300ETF(沪),IV(真实),冰点·≤历史P5,2021-10-11,17.58,5.005,4.913,4.998,-1.84,0.46,-1.14
510300,沪深300ETF(沪),IV(真实),冰点·≤历史P5,2021-11-16,17.23,4.96,4.902,4.952,-1.17,0.81,0.52
510300,沪深300ETF(沪),IV(真实),冰点·≤历史P5,2021-12-20,16.5,4.958,4.949,4.992,-0.18,1.49,0.87
510300,沪深300ETF(沪),IV(真实),冰点·≤历史P5,2022-02-21,16.32,4.627,4.489,4.573,-2.98,-0.19,-1.21
510300,沪深300ETF(沪),IV(真实),冰点·≤历史P5,2022-03-02,16.25,4.574,4.07,4.294,-11.02,0.57,-7.65
510300,沪深300ETF(沪),IV(真实),冰点·≤历史P5,2023-03-22,16.41,3.993,3.978,4.018,-0.38,1.03,0.1
510300,沪深300ETF(沪),IV(真实),冰点·≤历史P5,2023-05-04,14.57,4.025,3.98,4.008,-1.12,1.49,-1.04
510300,沪深300ETF(沪),IV(真实),冰点·≤历史P5,2023-06-27,14.5,3.869,3.837,3.878,-0.83,1.81,1.68
510300,沪深300ETF(沪),IV(真实),冰点·≤历史P5,2023-11-20,14.28,3.645,3.557,3.604,-2.41,1.12,-1.76
510300,沪深300ETF(沪),IV(真实),冰点·≤历史P5,2024-05-28,14.4,3.609,3.565,3.599,-1.22,0.67,0.08
510300,沪深300ETF(沪),IV(真实),冰点·≤历史P5,2024-06-20,14.48,3.522,3.459,3.496,-1.79,0.11,-1.19
510300,沪深300ETF(沪),IV(真实),冰点·≤历史P5,2024-08-01,14.19,3.483,3.381,3.425,-2.93,0.0,-2.24
510300,沪深300ETF(沪),IV(真实),冰点·≤历史P5,2024-08-09,14.18,3.393,3.361,3.395,-0.94,0.88,0.5
510300,沪深300ETF(沪),IV(真实),冰点·≤历史P5,2024-08-20,14.28,3.403,3.367,3.39,-1.06,0.12,-0.76
510300,沪深300ETF(沪),IV(真实),冰点·≤历史P5,2024-09-06,14.14,3.302,3.227,3.257,-2.27,-0.18,-2.24
510300,沪深300ETF(沪),IV(真实),冰点·≤历史P5,2025-06-05,14.17,3.984,3.958,3.999,-0.65,1.0,0.55
510300,沪深300ETF(沪),IV(真实),冰点·≤历史P5,2025-06-16,14.22,3.99,3.862,3.888,-3.21,0.18,-2.48
510300,沪深300ETF(沪),IV(真实),冰点·≤历史P5,2025-06-23,14.25,3.891,3.896,3.95,0.13,3.14,2.34
510300,沪深300ETF(沪),IV(真实),冰点·≤历史P5,2025-07-02,14.07,3.992,3.991,4.02,-0.03,1.93,1.33
510300,沪深300ETF(沪),IV(真实),高点·≥历史P95,2019-12-26,15.27,4.021,4.0,4.068,-0.52,3.81,2.93
510300,沪深300ETF(沪),IV(真实),高点·≥历史P95,2020-01-23,19.47,3.996,3.636,3.736,-9.01,-2.08,-2.7
510300,沪深300ETF(沪),IV(真实),高点·≥历史P95,2020-02-03,32.79,3.659,3.649,3.776,-0.27,6.94,6.61
510300,沪深300ETF(沪),IV(真实),高点·≥历史P95,2020-02-24,23.21,4.112,3.924,4.019,-4.57,0.15,-0.88
510300,沪深300ETF(沪),IV(真实),高点·≥历史P95,2020-03-09,27.74,3.99,3.716,3.885,-6.87,2.46,-6.62
510300,沪深300ETF(沪),IV(真实),高点·≥历史P95,2022-03-15,33.72,3.973,3.942,4.17,-0.78,8.08,6.92
510300,沪深300ETF(沪),IV(真实),高点·≥历史P95,2022-04-25,33.62,3.813,3.76,3.873,-1.39,5.72,4.9
510300,沪深300ETF(沪),IV(真实),高点·≥历史P95,2024-09-30,37.29,4.233,3.923,4.06,-7.32,9.99,-4.56
510300,沪深300ETF(沪),IV(真实),高点·≥历史P95,2024-10-08,49.62,4.412,3.923,4.046,-11.08,-2.88,-10.9
510300,沪深300ETF(沪),IV(真实),高点·≥历史P95,2024-11-01,27.42,3.979,3.971,4.034,-0.2,7.82,5.4
510300,沪深300ETF(沪),IV(真实),高点·≥历史P95,2025-04-07,39.53,3.695,3.671,3.739,-0.65,4.6,4.14
510300,沪深300ETF(沪),IV(真实),高点·≥历史P95,2026-06-25,30.0,5.048,4.835,4.96,-4.22,0.12,-3.92
510500,中证500ETF(沪),IV(真实),冰点·上市以来新低,2022-09-19,23.59,5.53,5.411,5.542,-2.15,1.77,-2.04
510500,中证500ETF(沪),IV(真实),冰点·上市以来新低,2022-10-19,20.01,5.595,5.402,5.551,-3.45,1.72,0.05
510500,中证500ETF(沪),IV(真实),冰点·上市以来新低,2022-11-21,19.92,5.817,5.585,5.687,-3.99,-0.03,-2.32
510500,中证500ETF(沪),IV(真实),冰点·上市以来新低,2022-12-01,18.77,5.801,5.782,5.826,-0.33,1.28,0.12
510500,中证500ETF(沪),IV(真实),冰点·上市以来新低,2022-12-19,17.14,5.581,5.37,5.444,-3.78,-0.23,-1.97
510500,中证500ETF(沪),IV(真实),冰点·上市以来新低,2023-01-03,15.23,5.581,5.545,5.596,-0.65,2.17,1.74
510500,中证500ETF(沪),IV(真实),冰点·上市以来新低,2023-01-19,14.42,5.843,5.852,5.891,0.15,3.2,2.62
510500,中证500ETF(沪),IV(真实),冰点·上市以来新低,2023-04-17,13.88,6.083,5.818,5.892,-4.36,0.0,-4.03
510500,中证500ETF(沪),IV(真实),冰点·上市以来新低,2023-05-22,13.6,5.76,5.57,5.68,-3.3,0.09,-1.44
510500,中证500ETF(沪),IV(真实),冰点·上市以来新低,2023-06-15,13.1,5.777,5.571,5.67,-3.57,1.13,-3.36
510500,中证500ETF(沪),IV(真实),高点·上市以来新高,2022-09-19,23.59,5.53,5.411,5.542,-2.15,1.77,-2.04
510500,中证500ETF(沪),IV(真实),高点·上市以来新高,2024-01-22,35.05,4.481,4.412,4.582,-1.54,6.67,3.19
510500,中证500ETF(沪),IV(真实),高点·上市以来新高,2024-02-05,36.4,4.146,4.076,4.541,-1.69,22.67,16.4
510500,中证500ETF(沪),IV(真实),高点·上市以来新高,2024-09-30,43.06,5.693,5.183,5.415,-8.96,10.54,-5.3
510500,中证500ETF(沪),IV(真实),高点·上市以来新高,2024-10-08,53.11,5.944,5.183,5.415,-12.8,-1.04,-11.69
510500,中证500ETF(沪),IV(真实),冰点·≤历史P5,2022-09-20,21.38,5.56,5.411,5.536,-2.68,1.22,-0.61
510500,中证500ETF(沪),IV(真实),冰点·≤历史P5,2022-10-19,20.01,5.595,5.402,5.551,-3.45,1.72,0.05
510500,中证500ETF(沪),IV(真实),冰点·≤历史P5,2022-11-15,20.07,5.852,5.719,5.815,-2.27,0.5,-1.73
510500,中证500ETF(沪),IV(真实),冰点·≤历史P5,2022-12-01,18.77,5.801,5.782,5.826,-0.33,1.28,0.12
510500,中证500ETF(沪),IV(真实),冰点·≤历史P5,2022-12-27,17.18,5.511,5.461,5.514,-0.91,1.63,1.23
510500,中证500ETF(沪),IV(真实),冰点·≤历史P5,2023-01-13,16.4,5.695,5.702,5.777,0.12,3.44,3.39
510500,中证500ETF(沪),IV(真实),冰点·≤历史P5,2023-02-15,16.23,6.01,5.846,5.941,-2.73,0.82,-0.17
510500,中证500ETF(沪),IV(真实),冰点·≤历史P5,2023-03-23,16.15,5.927,5.851,5.926,-1.28,0.4,-0.07
510500,中证500ETF(沪),IV(真实),冰点·≤历史P5,2023-05-10,14.33,5.804,5.681,5.78,-2.12,0.33,-0.86
510500,中证500ETF(沪),IV(真实),冰点·≤历史P5,2023-06-12,13.85,5.698,5.689,5.724,-0.16,2.53,2.0
510500,中证500ETF(沪),IV(真实),冰点·≤历史P5,2023-07-28,13.48,5.768,5.758,5.813,-0.17,2.13,1.46
510500,中证500ETF(沪),IV(真实),冰点·≤历史P5,2023-10-11,13.07,5.338,5.227,5.296,-2.08,0.97,-1.89
510500,中证500ETF(沪),IV(真实),冰点·≤历史P5,2023-11-23,13.28,5.33,5.211,5.268,-2.23,0.02,-1.54
510500,中证500ETF(沪),IV(真实),高点·≥历史P95,2022-09-23,24.47,5.51,5.322,5.426,-3.41,0.58,-3.38
510500,中证500ETF(沪),IV(真实),高点·≥历史P95,2024-01-19,26.7,4.717,4.412,4.582,-6.47,1.34,0.06
510500,中证500ETF(沪),IV(真实),高点·≥历史P95,2024-02-19,28.87,4.826,4.76,4.839,-1.37,2.61,1.16
510500,中证500ETF(沪),IV(真实),高点·≥历史P95,2024-02-28,25.3,4.87,4.852,5.055,-0.37,4.87,3.57
510500,中证500ETF(沪),IV(真实),高点·≥历史P95,2024-09-27,30.14,5.191,5.183,5.45,-0.15,21.23,1.21
510500,中证500ETF(沪),IV(真实),高点·≥历史P95,2024-10-08,53.11,5.944,5.183,5.415,-12.8,-1.04,-11.69
510500,中证500ETF(沪),IV(真实),高点·≥历史P95,2024-11-19,30.22,5.722,5.455,5.561,-4.67,1.49,-4.18
510500,中证500ETF(沪),IV(真实),高点·≥历史P95,2024-11-26,29.23,5.483,5.398,5.605,-1.55,5.05,4.4
510500,中证500ETF(沪),IV(真实),高点·≥历史P95,2024-12-02,29.73,5.734,5.646,5.72,-1.53,1.43,0.12
510500,中证500ETF(沪),IV(真实),高点·≥历史P95,2025-04-07,42.04,5.069,4.928,5.16,-2.78,7.34,6.65
510500,中证500ETF(沪),IV(真实),高点·≥历史P95,2025-04-16,30.65,5.334,5.308,5.365,-0.49,2.59,1.56
510500,中证500ETF(沪),IV(真实),高点·≥历史P95,2025-05-12,31.87,5.581,5.454,5.519,-2.28,0.84,-1.2
510500,中证500ETF(沪),IV(真实),高点·≥历史P95,2025-06-05,32.13,5.573,5.531,5.583,-0.75,1.22,0.74
510500,中证500ETF(沪),IV(真实),高点·≥历史P95,2025-07-10,31.0,5.827,5.806,5.888,-0.36,1.89,1.85
510500,中证500ETF(沪),IV(真实),高点·≥历史P95,2025-07-31,30.64,6.086,6.039,6.117,-0.77,2.4,1.82
510500,中证500ETF(沪),IV(真实),高点·≥历史P95,2025-08-28,30.86,6.893,6.478,6.783,-6.02,1.54,-4.71
510500,中证500ETF(沪),IV(真实),高点·≥历史P95,2025-09-16,32.6,7.071,6.929,7.109,-2.01,2.35,-0.07
510500,中证500ETF(沪),IV(真实),高点·≥历史P95,2025-10-14,31.47,7.078,6.891,7.022,-2.64,1.55,-0.13
510500,中证500ETF(沪),IV(真实),高点·≥历史P95,2026-03-23,35.81,7.363,7.288,7.508,-1.02,4.98,4.16
510500,中证500ETF(沪),IV(真实),高点·≥历史P95,2026-06-18,31.19,8.679,8.599,8.846,-0.92,2.98,0.38
510500,中证500ETF(沪),IV(真实),高点·≥历史P95,2026-07-06,31.39,8.661,8.117,8.487,-6.28,1.42,-5.98
510500,中证500ETF(沪),IV(真实),高点·≥历史P95,2026-07-16,31.71,7.956,7.226,7.64,-9.18,-0.35,-2.75
588000,科创50ETF,IV(真实),冰点·上市以来新低,2023-06-05,19.45,1.096,1.048,1.063,-4.38,-0.18,-2.28
588000,科创50ETF,IV(真实),冰点·上市以来新低,2023-07-18,19.35,1.025,0.993,1.005,-3.12,0.68,-1.56
588000,科创50ETF,IV(真实),高点·上市以来新高,2023-06-05,19.45,1.096,1.048,1.063,-4.38,-0.18,-2.28
588000,科创50ETF,IV(真实),高点·上市以来新高,2023-07-20,22.0,1.007,0.993,1.005,-1.39,0.5,-0.99
588000,科创50ETF,IV(真实),高点·上市以来新高,2023-08-25,22.95,0.912,0.92,0.97,0.88,8.99,7.46
588000,科创50ETF,IV(真实),高点·上市以来新高,2023-09-08,25.53,0.944,0.92,0.935,-2.54,1.69,-1.59
588000,科创50ETF,IV(真实),高点·上市以来新高,2023-10-20,27.3,0.904,0.879,0.893,-2.77,0.55,0.22
588000,科创50ETF,IV(真实),高点·上市以来新高,2024-01-18,29.7,0.806,0.763,0.79,-5.33,0.62,-0.25
588000,科创50ETF,IV(真实),高点·上市以来新高,2024-02-02,30.4,0.707,0.666,0.721,-5.8,13.72,12.87
588000,科创50ETF,IV(真实),高点·上市以来新高,2024-02-29,31.34,0.847,0.831,0.857,-1.89,1.89,-1.77
588000,科创50ETF,IV(真实),高点·上市以来新高,2024-04-16,32.4,0.768,0.753,0.77,-1.95,3.26,-0.65
588000,科创50ETF,IV(真实),高点·上市以来新高,2024-07-23,32.5,0.756,0.733,0.746,-3.04,0.53,-1.72
588000,科创50ETF,IV(真实),高点·上市以来新高,2024-09-23,33.05,0.674,0.671,0.7,-0.45,40.95,40.95
588000,科创50ETF,IV(真实),高点·上市以来新高,2024-10-08,93.7,1.14,0.919,0.982,-19.39,5.44,-17.02
588000,科创50ETF,IV(真实),冰点·≤历史P5,2023-07-18,19.35,1.025,0.993,1.005,-3.12,0.68,-1.56
588000,科创50ETF,IV(真实),冰点·≤历史P5,2023-08-11,18.57,0.983,0.938,0.957,-4.58,-0.61,-3.36
588000,科创50ETF,IV(真实),高点·≥历史P95,2023-06-06,20.9,1.067,1.048,1.063,-1.78,1.97,1.59
588000,科创50ETF,IV(真实),高点·≥历史P95,2023-07-20,22.0,1.007,0.993,1.005,-1.39,0.5,-0.99
588000,科创50ETF,IV(真实),高点·≥历史P95,2023-08-18,22.32,0.95,0.906,0.923,-4.63,0.11,-4.0
588000,科创50ETF,IV(真实),高点·≥历史P95,2023-09-22,25.45,0.927,0.917,0.925,-1.08,0.76,0.32
588000,科创50ETF,IV(真实),高点·≥历史P95,2023-10-20,27.3,0.904,0.879,0.893,-2.77,0.55,0.22
588000,科创50ETF,IV(真实),高点·≥历史P95,2024-01-08,25.5,0.824,0.81,0.824,-1.7,1.33,-1.33
588000,科创50ETF,IV(真实),高点·≥历史P95,2024-02-19,29.43,0.798,0.779,0.794,-2.38,2.13,1.0
588000,科创50ETF,IV(真实),高点·≥历史P95,2024-03-20,29.4,0.854,0.788,0.81,-7.73,1.17,-7.61
588000,科创50ETF,IV(真实),高点·≥历史P95,2024-03-26,30.0,0.81,0.788,0.801,-2.72,0.62,-0.49
588000,科创50ETF,IV(真实),高点·≥历史P95,2024-04-16,32.4,0.768,0.753,0.77,-1.95,3.26,-0.65
588000,科创50ETF,IV(真实),高点·≥历史P95,2024-07-18,30.1,0.769,0.742,0.757,-3.51,2.99,-2.73
588000,科创50ETF,IV(真实),高点·≥历史P95,2024-08-26,30.0,0.715,0.699,0.709,-2.24,2.8,-1.68
588000,科创50ETF,IV(真实),高点·≥历史P95,2024-09-23,33.05,0.674,0.671,0.7,-0.45,40.95,40.95
588000,科创50ETF,IV(真实),高点·≥历史P95,2024-10-08,93.7,1.14,0.919,0.982,-19.39,5.44,-17.02
588000,科创50ETF,IV(真实),高点·≥历史P95,2025-04-07,65.25,0.97,0.961,0.998,-0.93,11.13,9.69
588000,科创50ETF,IV(真实),高点·≥历史P95,2025-08-25,49.97,1.356,1.321,1.35,-2.58,6.05,5.53
588000,科创50ETF,IV(真实),高点·≥历史P95,2025-09-17,48.29,1.44,1.413,1.471,-1.87,7.85,6.25
588000,科创50ETF,IV(真实),高点·≥历史P95,2026-05-25,48.12,1.998,1.751,1.85,-12.36,0.25,-12.21
588000,科创50ETF,IV(真实),高点·≥历史P95,2026-06-15,47.66,1.844,1.819,1.863,-1.36,13.34,9.71
588000,科创50ETF,IV(真实),高点·≥历史P95,2026-07-30,56.58,1.669,1.635,1.71,-2.04,9.47,7.85
159919,沪深300ETF(深),HV20(代理),冰点·上市以来新低,2019-12-23,12.42,3.623,3.619,3.65,-0.11,3.31,3.04
159919,沪深300ETF(深),HV20(代理),冰点·上市以来新低,2020-05-15,11.19,3.572,3.473,3.559,-2.77,1.15,-2.69
159919,沪深300ETF(深),HV20(代理),冰点·上市以来新低,2021-06-23,10.25,4.909,4.887,4.919,-0.45,2.32,1.63
159919,沪深300ETF(深),HV20(代理),冰点·上市以来新低,2021-12-01,10.19,4.662,4.64,4.682,-0.47,3.3,3.24
159919,沪深300ETF(深),HV20(代理),冰点·上市以来新低,2023-04-14,8.83,3.97,3.915,3.999,-1.39,2.04,-1.31
159919,沪深300ETF(深),HV20(代理),冰点·上市以来新低,2023-12-04,8.39,3.405,3.293,3.347,-3.29,-0.03,-1.26
159919,沪深300ETF(深),HV20(代理),冰点·上市以来新低,2024-06-24,8.06,3.45,3.41,3.449,-1.16,0.41,0.09
159919,沪深300ETF(深),HV20(代理),冰点·上市以来新低,2024-07-03,7.3,3.446,3.366,3.406,-2.32,0.46,-0.99
159919,沪深300ETF(深),HV20(代理),冰点·上市以来新低,2025-05-13,6.15,3.957,3.928,3.95,-0.73,1.84,0.25
159919,沪深300ETF(深),HV20(代理),高点·上市以来新高,2019-12-23,12.42,3.623,3.619,3.65,-0.11,3.31,3.04
159919,沪深300ETF(深),HV20(代理),高点·上市以来新高,2020-01-02,12.88,3.804,3.75,3.805,-1.42,0.58,0.24
159919,沪深300ETF(深),HV20(代理),高点·上市以来新高,2020-01-23,19.33,3.645,3.244,3.382,-11.0,-1.89,-2.63
159919,沪深300ETF(深),HV20(代理),高点·上市以来新高,2020-02-03,37.28,3.329,3.32,3.444,-0.27,7.42,6.82
159919,沪深300ETF(深),HV20(代理),高点·上市以来新高,2020-07-24,46.33,4.229,4.216,4.289,-0.31,6.01,4.61
159919,沪深300ETF(深),HV20(代理),高点·上市以来新高,2024-10-08,46.56,4.412,3.881,4.009,-12.04,-1.16,-11.65
159919,沪深300ETF(深),HV20(代理),高点·上市以来新高,2024-10-24,64.04,3.972,3.898,3.969,-1.86,1.79,-0.91
159919,沪深300ETF(深),HV20(代理),冰点·≤历史P5,2019-12-27,11.55,3.676,3.655,3.743,-0.57,4.3,2.8
159919,沪深300ETF(深),HV20(代理),冰点·≤历史P5,2020-05-13,12.28,3.611,3.549,3.591,-1.72,0.06,-0.72
159919,沪深300ETF(深),HV20(代理),冰点·≤历史P5,2021-06-23,10.25,4.909,4.887,4.919,-0.45,2.32,1.63
159919,沪深300ETF(深),HV20(代理),冰点·≤历史P5,2021-10-25,12.07,4.79,4.667,4.717,-2.57,0.75,-1.75
159919,沪深300ETF(深),HV20(代理),冰点·≤历史P5,2022-09-08,11.27,3.924,3.816,3.906,-2.75,2.29,-2.65
159919,沪深300ETF(深),HV20(代理),冰点·≤历史P5,2023-01-03,11.55,3.769,3.752,3.785,-0.45,3.82,3.4
159919,沪深300ETF(深),HV20(代理),冰点·≤历史P5,2023-01-18,11.09,4.015,3.987,4.049,-0.7,3.41,1.52
159919,沪深300ETF(深),HV20(代理),冰点·≤历史P5,2023-01-30,10.77,4.088,3.943,3.989,-3.55,0.39,-3.06
159919,沪深300ETF(深),HV20(代理),冰点·≤历史P5,2023-03-29,11.91,3.886,3.868,3.927,-0.46,2.6,2.26
159919,沪深300ETF(深),HV20(代理),冰点·≤历史P5,2023-04-04,11.68,3.986,3.961,3.979,-0.63,0.8,-0.28
159919,沪深300ETF(深),HV20(代理),冰点·≤历史P5,2023-06-12,11.53,3.734,3.725,3.763,-0.24,3.78,2.68
159919,沪深300ETF(深),HV20(代理),冰点·≤历史P5,2023-07-24,10.98,3.757,3.807,3.869,1.33,7.29,5.78
159919,沪深300ETF(深),HV20(代理),冰点·≤历史P5,2023-10-10,11.49,3.607,3.564,3.597,-1.19,1.72,-0.53
159919,沪深300ETF(深),HV20(代理),冰点·≤历史P5,2023-11-20,10.59,3.528,3.438,3.489,-2.55,1.19,-1.87
159919,沪深300ETF(深),HV20(代理),冰点·≤历史P5,2024-03-29,11.06,3.482,3.467,3.491,-0.43,2.04,-0.09
159919,沪深300ETF(深),HV20(代理),冰点·≤历史P5,2024-06-03,10.76,3.545,3.491,3.526,-1.52,1.21,-1.02
159919,沪深300ETF(深),HV20(代理),冰点·≤历史P5,2024-08-28,8.71,3.309,3.264,3.288,-1.36,1.9,-1.3
159919,沪深300ETF(深),HV20(代理),冰点·≤历史P5,2025-05-08,7.44,3.913,3.894,3.915,-0.49,2.99,1.56
159919,沪深300ETF(深),HV20(代理),冰点·≤历史P5,2025-07-08,10.01,4.103,4.097,4.126,-0.15,2.1,0.9
159919,沪深300ETF(深),HV20(代理),高点·≥历史P95,2019-12-24,12.54,3.646,3.629,3.655,-0.47,2.99,2.91
159919,沪深300ETF(深),HV20(代理),高点·≥历史P95,2020-01-02,12.88,3.804,3.75,3.805,-1.42,0.58,0.24
159919,沪深300ETF(深),HV20(代理),高点·≥历史P95,2020-01-23,19.33,3.645,3.244,3.382,-11.0,-1.89,-2.63
159919,沪深300ETF(深),HV20(代理),高点·≥历史P95,2020-02-03,37.28,3.329,3.32,3.444,-0.27,7.42,6.82
159919,沪深300ETF(深),HV20(代理),高点·≥历史P95,2020-07-20,41.65,4.399,4.202,4.289,-4.48,3.07,-3.32
159919,沪深300ETF(深),HV20(代理),高点·≥历史P95,2024-09-27,35.58,3.853,3.849,4.037,-0.1,20.04,2.0
159919,沪深300ETF(深),HV20(代理),高点·≥历史P95,2024-10-08,46.56,4.412,3.881,4.009,-12.04,-1.16,-11.65
159922,中证500ETF(深),HV20(代理),冰点·上市以来新低,2022-09-19,20.97,2.245,2.198,2.251,-2.09,1.83,-1.96
159922,中证500ETF(深),HV20(代理),冰点·上市以来新低,2022-11-25,15.53,2.321,2.268,2.308,-2.28,2.46,1.16
159922,中证500ETF(深),HV20(代理),冰点·上市以来新低,2022-12-13,9.92,2.336,2.228,2.256,-4.62,0.39,-4.41
159922,中证500ETF(深),HV20(代理),冰点·上市以来新低,2023-01-20,8.47,2.385,2.391,2.41,0.25,2.64,1.55
159922,中证500ETF(深),HV20(代理),冰点·上市以来新低,2023-01-30,8.21,2.396,2.391,2.41,-0.21,2.17,0.54
159922,中证500ETF(深),HV20(代理),高点·上市以来新高,2022-09-19,20.97,2.245,2.198,2.251,-2.09,1.83,-1.96
159922,中证500ETF(深),HV20(代理),高点·上市以来新高,2022-09-28,22.21,2.19,2.111,2.161,-3.61,1.55,0.55
159922,中证500ETF(深),HV20(代理),高点·上市以来新高,2022-10-12,22.68,2.202,2.191,2.227,-0.5,4.81,3.22
159922,中证500ETF(深),HV20(代理),高点·上市以来新高,2022-10-28,25.94,2.192,2.177,2.227,-0.68,7.21,6.52
159922,中证500ETF(深),HV20(代理),高点·上市以来新高,2024-01-23,27.82,1.858,1.811,1.886,-2.53,4.63,-1.29
159922,中证500ETF(深),HV20(代理),高点·上市以来新高,2024-09-30,52.05,2.32,2.111,2.205,-9.01,10.73,-5.47
159922,中证500ETF(深),HV20(代理),高点·上市以来新高,2024-10-08,53.53,2.437,2.111,2.205,-13.38,-1.56,-12.06
159922,中证500ETF(深),HV20(代理),冰点·≤历史P5,2022-09-20,20.35,2.257,2.198,2.248,-2.61,1.28,-0.53
159922,中证500ETF(深),HV20(代理),冰点·≤历史P5,2022-11-25,15.53,2.321,2.268,2.308,-2.28,2.46,1.16
159922,中证500ETF(深),HV20(代理),冰点·≤历史P5,2023-01-18,10.34,2.346,2.336,2.37,-0.43,3.67,3.45
159922,中证500ETF(深),HV20(代理),冰点·≤历史P5,2023-01-30,8.21,2.396,2.391,2.41,-0.21,2.17,0.54
159922,中证500ETF(深),HV20(代理),冰点·≤历史P5,2023-04-18,8.44,2.467,2.306,2.382,-6.53,0.24,-5.35
159922,中证500ETF(深),HV20(代理),冰点·≤历史P5,2025-07-23,9.66,2.469,2.464,2.507,-0.2,2.75,1.86
159922,中证500ETF(深),HV20(代理),高点·≥历史P95,2022-09-28,22.21,2.19,2.111,2.161,-3.61,1.55,0.55
159922,中证500ETF(深),HV20(代理),高点·≥历史P95,2022-10-12,22.68,2.202,2.191,2.227,-0.5,4.81,3.22
159922,中证500ETF(深),HV20(代理),高点·≥历史P95,2022-10-28,25.94,2.192,2.177,2.227,-0.68,7.21,6.52
159922,中证500ETF(深),HV20(代理),高点·≥历史P95,2024-01-22,25.58,1.812,1.793,1.867,-1.05,7.28,3.7
159922,中证500ETF(深),HV20(代理),高点·≥历史P95,2024-02-19,51.21,1.963,1.94,1.97,-1.17,2.7,1.22
159922,中证500ETF(深),HV20(代理),高点·≥历史P95,2024-09-27,45.32,2.136,2.111,2.227,-1.17,20.27,0.37
159922,中证500ETF(深),HV20(代理),高点·≥历史P95,2024-10-08,53.53,2.437,2.111,2.205,-13.38,-1.56,-12.06
159915,创业板ETF,HV20(代理),冰点·上市以来新低,2022-09-19,22.33,2.285,2.209,2.268,-3.33,1.84,-1.4
159915,创业板ETF,HV20(代理),冰点·上市以来新低,2022-12-09,17.5,2.348,2.291,2.319,-2.43,0.0,-2.13
159915,创业板ETF,HV20(代理),冰点·上市以来新低,2023-03-15,14.19,2.268,2.213,2.25,-2.43,0.79,0.09
159915,创业板ETF,HV20(代理),高点·上市以来新高,2022-09-19,22.33,2.285,2.209,2.268,-3.33,1.84,-1.4
159915,创业板ETF,HV20(代理),高点·上市以来新高,2022-09-28,22.57,2.249,2.166,2.206,-3.69,1.73,1.11
159915,创业板ETF,HV20(代理),高点·上市以来新高,2022-10-10,24.13,2.166,2.169,2.206,0.14,9.88,9.05
159915,创业板ETF,HV20(代理),高点·上市以来新高,2022-10-28,32.91,2.187,2.164,2.231,-1.05,9.47,8.96
159915,创业板ETF,HV20(代理),高点·上市以来新高,2024-02-06,36.41,1.623,1.614,1.666,-0.55,6.96,4.93
159915,创业板ETF,HV20(代理),高点·上市以来新高,2024-09-27,45.07,1.86,1.928,2.152,3.66,43.98,10.75
159915,创业板ETF,HV20(代理),高点·上市以来新高,2024-10-08,95.28,2.678,2.022,2.124,-24.5,-7.47,-23.64
159915,创业板ETF,HV20(代理),高点·上市以来新高,2024-10-24,126.13,2.132,2.086,2.138,-2.16,4.88,-0.47
159915,创业板ETF,HV20(代理),高点·上市以来新高,2024-10-30,126.29,2.111,2.08,2.125,-1.47,9.71,5.31
159915,创业板ETF,HV20(代理),冰点·≤历史P5,2022-09-20,20.94,2.297,2.209,2.268,-3.83,0.39,0.39
159915,创业板ETF,HV20(代理),冰点·≤历史P5,2022-12-08,18.57,2.338,2.293,2.32,-1.92,0.64,-0.51
159915,创业板ETF,HV20(代理),冰点·≤历史P5,2022-12-29,14.57,2.277,2.246,2.283,-1.36,4.0,3.21
159915,创业板ETF,HV20(代理),冰点·≤历史P5,2023-03-13,14.31,2.287,2.213,2.25,-3.24,0.7,-2.67
159915,创业板ETF,HV20(代理),冰点·≤历史P5,2023-12-04,12.84,1.858,1.816,1.841,-2.26,0.75,0.54
159915,创业板ETF,HV20(代理),冰点·≤历史P5,2024-08-28,13.9,1.501,1.484,1.522,-1.13,4.66,1.6
159915,创业板ETF,HV20(代理),冰点·≤历史P5,2025-06-13,14.05,2.02,1.987,2.015,-1.63,1.04,-1.58
159915,创业板ETF,HV20(代理),高点·≥历史P95,2022-09-28,22.57,2.249,2.166,2.206,-3.69,1.73,1.11
159915,创业板ETF,HV20(代理),高点·≥历史P95,2022-10-10,24.13,2.166,2.169,2.206,0.14,9.88,9.05
159915,创业板ETF,HV20(代理),高点·≥历史P95,2022-10-28,32.91,2.187,2.164,2.231,-1.05,9.47,8.96
159915,创业板ETF,HV20(代理),高点·≥历史P95,2024-02-06,36.41,1.623,1.614,1.666,-0.55,6.96,4.93
159915,创业板ETF,HV20(代理),高点·≥历史P95,2024-02-19,37.04,1.697,1.676,1.701,-1.24,2.3,0.41
159915,创业板ETF,HV20(代理),高点·≥历史P95,2024-09-27,45.07,1.86,1.928,2.152,3.66,43.98,10.75
159915,创业板ETF,HV20(代理),高点·≥历史P95,2024-10-08,95.28,2.678,2.022,2.124,-24.5,-7.47,-23.64
159915,创业板ETF,HV20(代理),高点·≥历史P95,2025-04-07,48.61,1.775,1.743,1.838,-1.8,8.11,6.76
159915,创业板ETF,HV20(代理),高点·≥历史P95,2025-05-06,51.55,1.958,1.953,2.001,-0.26,5.46,3.68
159915,创业板ETF,HV20(代理),高点·≥历史P95,2026-06-26,44.97,4.215,4.0,4.13,-5.1,3.87,-4.22
159915,创业板ETF,HV20(代理),高点·≥历史P95,2026-07-02,48.73,4.036,3.831,3.98,-5.08,2.33,0.1
159915,创业板ETF,HV20(代理),高点·≥历史P95,2026-07-10,48.64,3.862,3.408,3.679,-11.76,1.63,-10.33
